acc,train_loss
79.38573956489563,
82.08224773406982,0.48609214223793196
