acc,train_loss
61.734163761138916,0.6119077506984155
58.15161466598511,0.5338588334181176
