acc,train_loss
54.71108555793762,0.689632031468911
54.71108555793762,0.689008498117369
