exact,f1,total,HasAns_exact,HasAns_f1,HasAns_total,NoAns_exact,NoAns_f1,NoAns_total
31.80635085892764,39.18377598596737,9605,58.11607992388202,71.60041262516015,5255,0.022988505747126436,0.022988505747126436,4350
32.4518479958355,39.419988150956904,9605,59.27687916270219,72.01312772406109,5255,0.04597701149425287,0.04597701149425287,4350
32.160333159812595,39.31507513222507,9605,58.76308277830638,71.84039898097464,5255,0.022988505747126436,0.022988505747126436,4350
31.70223841749089,38.887389352235836,9605,57.906755470980016,71.03965265998576,5255,0.04597701149425287,0.04597701149425287,4350
63.87298282144716,70.44332708661499,9605,53.6441484300666,65.65331240093887,5255,76.22988505747126,76.22988505747126,4350,66.66319625195212,0.08445756882429123,72.30824856366091,0.15894971787929535
