exact,f1,total,HasAns_exact,HasAns_f1,HasAns_total,NoAns_exact,NoAns_f1,NoAns_total,best_exact,best_exact_thresh,best_f1,best_f1_thresh
26.687435098650052,28.512654755586386,1926,0.16764459346186086,3.1143110303934436,1193,69.84993178717599,69.84993178717599,733,38.05815160955348,0.0,38.05815160955348,0.0
26.895119418483905,28.682532499869996,1926,0.16764459346186086,3.053275435666051,1193,70.3956343792633,70.3956343792633,733,38.05815160955348,0.0,38.05815160955348,0.0
