exact,f1,total,HasAns_exact,HasAns_f1,HasAns_total,NoAns_exact,NoAns_f1,NoAns_total
31.754294638209267,38.97888823055597,9605,58.001902949571836,71.20689276013132,5255,0.04597701149425287,0.04597701149425287,4350
32.181155648099946,39.32540306155587,9605,58.78211227402474,71.84024669957071,5255,0.04597701149425287,0.04597701149425287,4350
31.952108276939093,39.32610496387188,9605,58.36346336822074,71.84152962473632,5255,0.04597701149425287,0.04597701149425287,4350
32.02498698594482,39.26325553393223,9605,58.49666983824929,71.72665450112638,5255,0.04597701149425287,0.04597701149425287,4350
